{
  "project_info": {
    "project_number": "351718363206",
    "firebase_url": "https://smartly-app-513ed-default-rtdb.firebaseio.com",
    "project_id": "smartly-app-513ed",
    "storage_bucket": "smartly-app-513ed.firebasestorage.app"
  },
  "client": [
    {
      "client_info": {
        "mobilesdk_app_id": "1:351718363206:android:ffec4af6c215a566757a47",
        "android_client_info": {
          "package_name": "com.example.smartly"
        }
      },
      "oauth_client": [],
      "api_key": [
        {
          "current_key": "AIzaSyA3Hrc8E6y-bJp2xGQFpFQv6IGR4dVCk9g"
        }
      ],
      "services": {
        "appinvite_service": {
          "other_platform_oauth_client": []
        }
      }
    }
  ],
  "configuration_version": "1"
}